Year_Group,continent,Region,Population,Climate,nb_medals,PIB_per_Capita
1945-1990,Europe,Albania,2414144.580645161,Moderate climate (5 C-25 C),5.0,2767.89
1945-1990,Africa,Algeria,16849252.16129032,Moderate climate (5 C-25 C),27.333333333333332,6799.806363636363
1945-1990,Africa,Angola,7439474.451612903,Moderate climate (5 C-25 C),25.0,1518.8136363636365
1945-1990,South America,Argentina,26133844.032258064,Moderate climate (5 C-25 C),80.3,6833.216363636364
1945-1990,North America,Aruba,59074.0,Hot climate (>25 C),12.0,17272.85
1945-1990,Oceania,Australia,13667648.096774194,Moderate climate (5 C-25 C),150.38095238095238,14577.47090909091
1945-1990,Europe,Austria,7465127.774193549,Moderate climate (5 C-25 C),110.45454545454545,15568.544545454544
1945-1990,Asia,Bahrain,306975.32258064515,Hot climate (>25 C),15.0,26198.5
1945-1990,Asia,Bangladesh,79446627.19354838,Hot climate (>25 C),6.5,870.1774545454545
1945-1990,North America,Barbados,249213.38709677418,Hot climate (>25 C),20.2,7720.310909090909
1945-1990,Europe,Belgium,9691511.0,Moderate climate (5 C-25 C),68.45,14795.037272727273
1945-1990,North America,Belize,133654.96774193548,Hot climate (>25 C),7.8,2680.0754545454547
1945-1990,Africa,Benin,3606914.9677419355,Hot climate (>25 C),8.25,1096.5591818181817
1945-1990,Asia,Bhutan,380889.4193548387,Moderate climate (5 C-25 C),6.0,993.843909090909
1945-1990,Africa,Botswana,810590.1935483871,Moderate climate (5 C-25 C),9.0,4101.978181818182
1945-1990,South America,Brazil,109077944.41935484,Hot climate (>25 C),118.0909090909091,5779.890909090909
1945-1990,Europe,Bulgaria,8596285.032258065,Moderate climate (5 C-25 C),107.75,7193.2245454545455
1945-1990,Africa,Burkina Faso,6475481.0322580645,Hot climate (>25 C),5.0,475.4751818181818
1945-1990,Asia,Cambodia,6124467.29032258,Hot climate (>25 C),11.333333333333334,707.61375
1945-1990,Africa,Cameroon,7679839.322580645,Moderate climate (5 C-25 C),19.285714285714285,1966.0009090909089
1945-1990,North America,Canada,22898579.322580647,Cold climate (<=5 C),193.71428571428572,16238.154545454547
1945-1990,Africa,Central African Republic,2266207.419354839,Hot climate (>25 C),6.333333333333333,581.4846363636364
1945-1990,Africa,Chad,4245522.354838709,Hot climate (>25 C),4.0,751.6355454545454
1945-1990,South America,Chile,10704112.161290323,Moderate climate (5 C-25 C),23.894736842105264,4318.961818181819
1945-1990,Asia,China,895812580.6451613,Moderate climate (5 C-25 C),77.8125,618.8966363636364
1945-1990,South America,Colombia,23618414.322580647,Moderate climate (5 C-25 C),44.3,3855.634545454546
1945-1990,North America,Costa Rica,2146573.806451613,Moderate climate (5 C-25 C),16.0,4153.290909090909
1945-1990,Europe,Cyprus,672137.0967741936,Moderate climate (5 C-25 C),10.333333333333334,9636.32
1945-1990,Europe,Denmark,4972233.806451613,Moderate climate (5 C-25 C),76.23529411764706,17173.36818181818
1945-1990,North America,Dominican Republic,5104275.903225807,Moderate climate (5 C-25 C),12.857142857142858,3177.708181818182
1945-1990,South America,Ecuador,7266256.935483871,Moderate climate (5 C-25 C),16.5,3901.203636363636
1945-1990,North America,El Salvador,4082090.2258064514,Hot climate (>25 C),36.0,2378.958181818182
1945-1990,Africa,Equatorial Guinea,326150.29032258067,Moderate climate (5 C-25 C),6.0,398.90909090909093
1945-1990,Africa,Ethiopia,32160539.548387095,Moderate climate (5 C-25 C),29.666666666666668,381.69872727272724
1945-1990,Oceania,Fiji,589459.0967741936,Moderate climate (5 C-25 C),10.75,3449.2854545454543
1945-1990,Europe,Finland,4714718.9677419355,Cold climate (<=5 C),122.22727272727273,13973.995454545453
1945-1990,Europe,France,53434124.22580645,Moderate climate (5 C-25 C),195.6818181818182,14903.313636363637
1945-1990,Africa,Gabon,693270.6129032258,Hot climate (>25 C),2.3333333333333335,10552.103636363636
1945-1990,Europe,Germany,77420144.83870968,Moderate climate (5 C-25 C),258.16129032258067,15425.206363636362
1945-1990,Africa,Ghana,10651291.967741935,Hot climate (>25 C),27.0,1354.2936363636363
1945-1990,Europe,Greece,9212380.806451613,Moderate climate (5 C-25 C),31.61904761904762,10951.512727272728
1945-1990,North America,Grenada,97099.83870967742,Hot climate (>25 C),6.5,3212.3927272727274
1945-1990,North America,Guatemala,6251679.096774193,Moderate climate (5 C-25 C),32.0,2953.2663636363636
1945-1990,Africa,Guinea,4743852.70967742,Hot climate (>25 C),8.25,930.583
1945-1990,South America,Guyana,713926.4193548387,Hot climate (>25 C),6.1,2681.09
1945-1990,North America,Haiti,5187556.387096774,Moderate climate (5 C-25 C),6.0,1917.890909090909
1945-1990,North America,Honduras,3317301.2258064514,Moderate climate (5 C-25 C),13.25,1694.18
1945-1990,Europe,Hungary,10432313.774193548,Moderate climate (5 C-25 C),153.42857142857142,8993.298181818182
1945-1990,Europe,Iceland,216664.09677419355,Cold climate (<=5 C),16.095238095238095,15314.82
1945-1990,Asia,India,626462337.7419355,Moderate climate (5 C-25 C),50.785714285714285,873.5715454545455
1945-1990,Asia,Indonesia,133410462.32258065,Hot climate (>25 C),18.0,2011.7490909090911
1945-1990,Europe,Ireland,3190633.35483871,Moderate climate (5 C-25 C),56.45454545454545,10183.506363636365
1945-1990,Asia,Israel,3407613.5483870967,Moderate climate (5 C-25 C),30.77777777777778,10253.68
1945-1990,Europe,Italy,54613106.03225806,Moderate climate (5 C-25 C),197.0909090909091,15170.143636363635
1945-1990,North America,Jamaica,2019591.6451612904,Hot climate (>25 C),33.72727272727273,4096.97
1945-1990,Asia,Japan,109837096.77419356,Moderate climate (5 C-25 C),187.8421052631579,14181.718181818182
1945-1990,Asia,Jordan,1962641.7096774194,Moderate climate (5 C-25 C),10.0,4961.456363636364
1945-1990,Africa,Kenya,14124037.677419355,Hot climate (>25 C),53.714285714285715,1468.8245454545454
1945-1990,Asia,Lebanon,2669855.0,Moderate climate (5 C-25 C),11.761904761904763,7895.976363636364
1945-1990,Africa,Lesotho,1232120.322580645,Moderate climate (5 C-25 C),5.0,653.0164545454546
1945-1990,Africa,Libya,2794754.4516129033,Moderate climate (5 C-25 C),15.333333333333334,24183.65818181818
1945-1990,Europe,Luxembourg,351015.48387096776,Moderate climate (5 C-25 C),36.75,24921.495454545457
1945-1990,Africa,Madagascar,8044840.870967742,Moderate climate (5 C-25 C),9.2,1077.8754545454544
1945-1990,Africa,Malawi,5755088.354838709,Moderate climate (5 C-25 C),21.0,570.0888181818182
1945-1990,Asia,Malaysia,11986331.548387097,Hot climate (>25 C),32.111111111111114,4955.06
1945-1990,Asia,Maldives,147446.5806451613,Hot climate (>25 C),9.0,3091.5245454545457
1945-1990,Africa,Mali,7021481.354838709,Hot climate (>25 C),4.5,588.0654545454546
1945-1990,Europe,Malta,320246.87096774194,Moderate climate (5 C-25 C),6.428571428571429,8147.580909090909
1945-1990,Africa,Mauritania,1315336.3870967743,Hot climate (>25 C),4.5,2861.4
1945-1990,Africa,Mauritius,886586.2580645161,Moderate climate (5 C-25 C),9.0,3331.161818181818
1945-1990,North America,Mexico,59168275.35483871,Moderate climate (5 C-25 C),136.07692307692307,7866.426363636364
1945-1990,Asia,Mongolia,1517802.6451612904,Cold climate (<=5 C),26.25,3603.41
1945-1990,Africa,Morocco,17522290.677419353,Moderate climate (5 C-25 C),29.0,2198.5154545454543
1945-1990,Africa,Mozambique,9821583.677419355,Moderate climate (5 C-25 C),14.0,230.59563636363637
1945-1990,Asia,Nepal,14221599.516129032,,8.166666666666666,622.181
1945-1990,Europe,Netherlands,13470773.064516129,Moderate climate (5 C-25 C),88.81818181818181,15817.283636363636
1945-1990,Oceania,New Zealand,2952809.6774193547,Moderate climate (5 C-25 C),45.63157894736842,12664.628181818181
1945-1990,Africa,Niger,5529654.419354838,Hot climate (>25 C),3.4,725.1082727272727
1945-1990,Africa,Nigeria,66561299.838709675,Hot climate (>25 C),35.888888888888886,1827.27
1945-1990,Europe,Norway,3959179.2258064514,Cold climate (<=5 C),93.23809523809524,21639.859090909093
1945-1990,Asia,Oman,919678.0322580645,Hot climate (>25 C),17.5,17454.478181818184
1945-1990,Asia,Pakistan,73965481.5483871,Moderate climate (5 C-25 C),40.5,1450.7890909090909
1945-1990,North America,Panama,1750688.4193548388,Hot climate (>25 C),9.11111111111111,4649.350909090909
1945-1990,Oceania,Papua New Guinea,2851980.2258064514,Moderate climate (5 C-25 C),12.0,1345.129090909091
1945-1990,South America,Paraguay,2789262.2258064514,Moderate climate (5 C-25 C),8.2,4425.932727272728
1945-1990,South America,Peru,15618747.516129032,Moderate climate (5 C-25 C),31.8,3585.953636363636
1945-1990,Asia,Philippines,43510511.29032258,Hot climate (>25 C),41.25,2266.004545454545
1945-1990,Europe,Poland,34126851.03225806,Moderate climate (5 C-25 C),151.61904761904762,5640.627272727273
1945-1990,Europe,Portugal,9331919.258064516,Moderate climate (5 C-25 C),49.84615384615385,8806.59909090909
1945-1990,North America,Puerto Rico,2972367.4838709678,Hot climate (>25 C),40.46153846153846,9720.514545454545
1945-1990,Asia,Qatar,209109.2258064516,Hot climate (>25 C),19.5,71065.44909090908
1945-1990,Europe,Romania,21064566.48387097,Moderate climate (5 C-25 C),118.15,7070.647272727272
1945-1990,Africa,Rwanda,4819585.0,Moderate climate (5 C-25 C),7.0,522.4686363636364
1945-1990,Asia,Saudi Arabia,5311513.064516129,Hot climate (>25 C),22.0,37324.49636363636
1945-1990,Africa,Senegal,5258781.806451613,Hot climate (>25 C),27.0,1367.800909090909
1945-1990,Africa,Seychelles,57512.709677419356,Hot climate (>25 C),18.0,5857.921818181818
1945-1990,Africa,Sierra Leone,3047766.0967741935,Hot climate (>25 C),16.5,915.877909090909
1945-1990,Asia,Singapore,2291764.35483871,Hot climate (>25 C),14.222222222222221,15767.847272727273
1945-1990,Oceania,Solomon Islands,215217.2258064516,Hot climate (>25 C),4.0,1074.1138181818183
1945-1990,Africa,South Africa,26723668.93548387,Moderate climate (5 C-25 C),63.6,6224.646363636363
1945-1990,Europe,Spain,35355035.67741936,Moderate climate (5 C-25 C),84.86363636363636,10950.038181818181
1945-1990,Asia,Sri Lanka,13364421.0,Hot climate (>25 C),6.0,1660.2345454545457
1945-1990,Africa,Sudan,14640027.064516129,Hot climate (>25 C),13.6,1329.07
1945-1990,South America,Suriname,364889.32258064515,Hot climate (>25 C),5.0,6979.22
1945-1990,Europe,Sweden,8101462.387096774,Cold climate (<=5 C),158.8181818181818,15534.59181818182
1945-1990,Europe,Switzerland,6193322.870967742,Moderate climate (5 C-25 C),127.86363636363636,24567.18727272727
1945-1990,Africa,Tanzania,16815949.16129032,Moderate climate (5 C-25 C),18.333333333333332,738.3077272727273
1945-1990,Asia,Thailand,40783757.19354839,Hot climate (>25 C),38.44444444444444,2612.1045454545456
1945-1990,Africa,Togo,2645943.806451613,Hot climate (>25 C),6.333333333333333,1061.0466363636363
1945-1990,Oceania,Tonga,88610.74193548386,Hot climate (>25 C),7.0,1693.096090909091
1945-1990,Africa,Tunisia,5977297.677419355,Moderate climate (5 C-25 C),28.857142857142858,3014.9281818181817
1945-1990,Africa,Uganda,11963322.064516129,Moderate climate (5 C-25 C),20.625,665.0714545454546
1945-1990,Asia,United Arab Emirates,736158.9677419355,Hot climate (>25 C),23.5,77947.8690909091
1945-1990,Europe,United Kingdom,55640041.87096774,Moderate climate (5 C-25 C),233.04545454545453,13255.510909090908
1945-1990,North America,United States,215951838.70967743,Moderate climate (5 C-25 C),322.14285714285717,18070.897272727274
1945-1990,South America,Uruguay,2854872.64516129,Moderate climate (5 C-25 C),34.7,5892.279090909091
1945-1990,Oceania,Vanuatu,102203.25806451614,Moderate climate (5 C-25 C),6.0,1193.7642727272726
1945-1990,Africa,Zambia,5179880.580645162,Moderate climate (5 C-25 C),21.333333333333332,1610.63
1991-2020,Asia,Afghanistan,26646818.363636363,Moderate climate (5 C-25 C),5.857142857142857,1946.9195238095238
1991-2020,Europe,Albania,2994924.9696969697,Moderate climate (5 C-25 C),6.818181818181818,9137.014285714286
1991-2020,Africa,Algeria,35229466.18181818,Moderate climate (5 C-25 C),39.27272727272727,11972.626857142857
1991-2020,Europe,Andorra,72329.45454545454,Moderate climate (5 C-25 C),8.4,57681.330625
1991-2020,Africa,Angola,22194187.848484848,Moderate climate (5 C-25 C),29.625,5274.228571428572
1991-2020,South America,Argentina,39974693.78787879,Moderate climate (5 C-25 C),82.56521739130434,16782.712285714282
1991-2020,Asia,Armenia,3140923.393939394,Moderate climate (5 C-25 C),18.46153846153846,8262.699999999999
1991-2020,North America,Aruba,96089.45454545454,Hot climate (>25 C),4.25,34898.26685714286
1991-2020,Oceania,Australia,21355714.303030305,Moderate climate (5 C-25 C),185.85714285714286,40029.61571428572
1991-2020,Europe,Austria,8343110.454545454,Moderate climate (5 C-25 C),97.03448275862068,42369.49628571429
1991-2020,Asia,Azerbaijan,8763458.969696969,Moderate climate (5 C-25 C),28.166666666666668,10616.613235294117
1991-2020,Asia,Bahrain,1011227.0,Hot climate (>25 C),16.125,46557.073142857145
1991-2020,Asia,Bangladesh,145430553.27272728,Hot climate (>25 C),6.25,3701.1165714285717
1991-2020,North America,Barbados,271091.1212121212,Hot climate (>25 C),15.875,14557.07057142857
1991-2020,Europe,Belarus,9703938.030303031,Moderate climate (5 C-25 C),148.0,13397.327352941176
1991-2020,Europe,Belgium,10753907.454545455,Moderate climate (5 C-25 C),95.46428571428571,40020.412
1991-2020,North America,Belize,295645.2727272727,Hot climate (>25 C),5.125,8339.972857142857
1991-2020,Africa,Benin,9268014.181818182,Hot climate (>25 C),5.625,2440.806
1991-2020,Asia,Bhutan,668878.1212121212,Moderate climate (5 C-25 C),3.5,7129.112571428572
1991-2020,Europe,Bosnia and Herzegovina,3802568.484848485,Moderate climate (5 C-25 C),10.142857142857142,10635.656333333334
1991-2020,Africa,Botswana,1917947.3333333333,Moderate climate (5 C-25 C),9.875,12225.65857142857
1991-2020,South America,Brazil,185974705.0909091,Hot climate (>25 C),148.25,13028.381714285713
1991-2020,Europe,Bulgaria,7627603.2727272725,Moderate climate (5 C-25 C),71.55,15781.027142857141
1991-2020,Africa,Burkina Faso,15325394.0,Hot climate (>25 C),5.25,1456.1476857142857
1991-2020,Africa,Burundi,8786085.06060606,Moderate climate (5 C-25 C),6.571428571428571,652.5319428571428
1991-2020,Asia,Cambodia,13553278.424242424,Hot climate (>25 C),4.571428571428571,3429.913085714286
1991-2020,Africa,Cameroon,18808910.696969695,Moderate climate (5 C-25 C),21.0,2904.8605714285713
1991-2020,North America,Canada,33231111.0,Cold climate (<=5 C),205.83333333333334,39026.46971428571
1991-2020,Africa,Central African Republic,4232345.393939394,Hot climate (>25 C),6.25,861.7622285714285
1991-2020,Africa,Chad,11604938.272727273,Hot climate (>25 C),3.0,1857.9437142857143
1991-2020,South America,Chile,16722709.303030303,Moderate climate (5 C-25 C),26.7,17731.709714285713
1991-2020,Asia,China,1309510000.0,Moderate climate (5 C-25 C),180.0,9362.932285714285
1991-2020,South America,Colombia,42896111.27272727,Moderate climate (5 C-25 C),58.583333333333336,11007.593428571428
1991-2020,Africa,Comoros,630156.696969697,Moderate climate (5 C-25 C),3.142857142857143,2347.9891428571427
1991-2020,North America,Costa Rica,4309694.96969697,Moderate climate (5 C-25 C),10.166666666666666,13784.968285714285
1991-2020,Europe,Croatia,4288401.363636363,Moderate climate (5 C-25 C),63.333333333333336,21740.781470588237
1991-2020,Europe,Cyprus,1073645.4848484849,Moderate climate (5 C-25 C),12.4,32210.141428571427
1991-2020,Europe,Denmark,5503730.545454546,Moderate climate (5 C-25 C),96.48,44679.88971428571
1991-2020,Africa,Djibouti,873497.1212121212,Hot climate (>25 C),4.857142857142857,3925.436857142857
1991-2020,North America,Dominica,68786.33333333333,Hot climate (>25 C),2.625,9111.822285714286
1991-2020,North America,Dominican Republic,9419281.242424242,Moderate climate (5 C-25 C),32.0,12215.616571428573
1991-2020,South America,Ecuador,14377742.878787879,Moderate climate (5 C-25 C),25.555555555555557,8881.080857142857
1991-2020,North America,El Salvador,6010689.363636363,Hot climate (>25 C),9.0,6569.935714285714
1991-2020,Africa,Equatorial Guinea,1084066.4848484849,Moderate climate (5 C-25 C),3.875,18897.752200000003
1991-2020,Africa,Eritrea,2682689.6666666665,Hot climate (>25 C),9.5,1377.346857142857
1991-2020,Europe,Estonia,1372181.4545454546,Moderate climate (5 C-25 C),41.72727272727273,24666.65303030303
1991-2020,Africa,Ethiopia,85304128.0,Moderate climate (5 C-25 C),23.8,1458.684
1991-2020,Oceania,Fiji,873497.2121212122,Moderate climate (5 C-25 C),17.8,9513.462
1991-2020,Europe,Finland,5307814.303030303,Cold climate (<=5 C),104.70370370370371,37552.29914285714
1991-2020,Europe,France,63624288.03030303,Moderate climate (5 C-25 C),299.7,37277.85942857143
1991-2020,Africa,Gabon,1645031.0303030303,Hot climate (>25 C),7.625,15350.510857142857
1991-2020,Asia,Georgia,4024471.0303030303,Moderate climate (5 C-25 C),24.76923076923077,9808.485625
1991-2020,Europe,Germany,82014094.24242425,Moderate climate (5 C-25 C),313.962962962963,40741.38257142857
1991-2020,Africa,Ghana,24055092.78787879,Hot climate (>25 C),20.666666666666668,4063.214857142857
1991-2020,Europe,Greece,10780184.0,Moderate climate (5 C-25 C),93.85714285714286,25540.904285714285
1991-2020,North America,Grenada,110211.66666666667,Hot climate (>25 C),5.875,11435.010857142857
1991-2020,North America,Guatemala,13684145.030303031,Moderate climate (5 C-25 C),21.444444444444443,6530.8802857142855
1991-2020,Africa,Guinea,10054578.848484848,Hot climate (>25 C),5.625,1714.8247714285715
1991-2020,Africa,Guinea-Bissau,1505807.8484848484,Hot climate (>25 C),3.5714285714285716,1646.9569428571428
1991-2020,South America,Guyana,767413.2424242424,Hot climate (>25 C),6.0,15352.668571428572
1991-2020,North America,Haiti,9340580.787878787,Moderate climate (5 C-25 C),6.833333333333333,2563.3334285714286
1991-2020,North America,Honduras,7837933.2727272725,Moderate climate (5 C-25 C),18.22222222222222,4020.950285714286
1991-2020,Europe,Hungary,10039009.121212121,Moderate climate (5 C-25 C),124.89655172413794,23151.735142857142
1991-2020,Europe,Iceland,310212.7272727273,Cold climate (<=5 C),16.333333333333332,41509.256571428574
1991-2020,Asia,India,1180339146.6363637,Moderate climate (5 C-25 C),40.38095238095238,4293.755999999999
1991-2020,Asia,Indonesia,236536156.36363637,Hot climate (>25 C),37.875,8461.221142857143
1991-2020,Asia,Iraq,30325424.545454547,Moderate climate (5 C-25 C),9.25,11431.111304347825
1991-2020,Europe,Ireland,4295586.03030303,Moderate climate (5 C-25 C),50.23529411764706,56067.849428571426
1991-2020,Asia,Israel,7263875.757575758,Moderate climate (5 C-25 C),36.857142857142854,30358.234857142856
1991-2020,Europe,Italy,58422452.333333336,Moderate climate (5 C-25 C),230.1,35679.122
1991-2020,North America,Jamaica,2682626.4242424243,Hot climate (>25 C),40.285714285714285,8570.987714285715
1991-2020,Asia,Japan,126661734.3030303,Moderate climate (5 C-25 C),235.91666666666666,35106.84114285714
1991-2020,Asia,Jordan,7222429.787878788,Moderate climate (5 C-25 C),8.125,8299.356857142857
1991-2020,Asia,Kazakhstan,17222526.151515152,Moderate climate (5 C-25 C),118.84615384615384,18015.747352941176
1991-2020,Africa,Kenya,38588774.39393939,Hot climate (>25 C),44.09090909090909,3351.7514285714287
1991-2020,Oceania,Kiribati,102599.54545454546,Hot climate (>25 C),2.8,1970.7728571428572
1991-2020,Asia,Kuwait,2838287.484848485,Hot climate (>25 C),19.285714285714285,54648.9196969697
1991-2020,Europe,Latvia,2197791.212121212,Moderate climate (5 C-25 C),44.95454545454545,19961.40588235294
1991-2020,Asia,Lebanon,4948700.060606061,Moderate climate (5 C-25 C),6.769230769230769,11320.9303125
1991-2020,Africa,Lesotho,2038608.9090909092,Moderate climate (5 C-25 C),6.0,2096.7280857142855
1991-2020,Africa,Liberia,3678636.0606060605,Hot climate (>25 C),4.714285714285714,1231.6411923076923
1991-2020,Africa,Libya,5949733.575757576,Moderate climate (5 C-25 C),5.25,24425.33742857143
1991-2020,Europe,Lithuania,3227679.121212121,Moderate climate (5 C-25 C),39.611111111111114,24942.003548387096
1991-2020,Europe,Luxembourg,501116.42424242425,Moderate climate (5 C-25 C),25.863636363636363,90274.38228571428
1991-2020,Africa,Madagascar,20854035.606060605,Moderate climate (5 C-25 C),8.777777777777779,1513.9557142857143
1991-2020,Africa,Malawi,14268726.090909092,Moderate climate (5 C-25 C),3.625,1152.3814285714286
1991-2020,Asia,Malaysia,26871914.87878788,Hot climate (>25 C),41.875,20196.473714285712
1991-2020,Asia,Maldives,354070.3333333333,Hot climate (>25 C),5.5,16366.34742857143
1991-2020,Africa,Mali,15176886.878787879,Hot climate (>25 C),8.625,1651.4259714285715
1991-2020,Europe,Malta,424053.30303030304,Moderate climate (5 C-25 C),7.363636363636363,31564.826857142856
1991-2020,Oceania,Marshall Islands,48509.09090909091,Hot climate (>25 C),4.0,3573.5437931034485
1991-2020,Africa,Mauritania,3279754.8484848486,Hot climate (>25 C),2.75,4562.776
1991-2020,Africa,Mauritius,1211477.0909090908,Moderate climate (5 C-25 C),16.75,15599.244571428573
1991-2020,North America,Mexico,108574215.0,Moderate climate (5 C-25 C),68.78947368421052,16596.182285714287
1991-2020,Europe,Moldova,2843139.6666666665,Moderate climate (5 C-25 C),20.0,7808.408529411765
1991-2020,Asia,Mongolia,2697611.8181818184,Cold climate (<=5 C),19.733333333333334,7897.7119999999995
1991-2020,Europe,Montenegro,615133.6666666666,Moderate climate (5 C-25 C),21.5,16674.75192307692
1991-2020,Africa,Morocco,31274123.87878788,Moderate climate (5 C-25 C),40.27272727272727,6358.746857142857
1991-2020,Africa,Mozambique,22228490.515151516,Moderate climate (5 C-25 C),5.75,896.8534857142857
1991-2020,Asia,Myanmar,47810902.18181818,Moderate climate (5 C-25 C),5.0,3179.075857142857
1991-2020,Africa,Namibia,2087002.393939394,Moderate climate (5 C-25 C),11.0,7915.465714285714
1991-2020,Oceania,Nauru,10510.727272727272,Hot climate (>25 C),2.142857142857143,6985.431363636363
1991-2020,Asia,Nepal,25928779.606060605,,3.8461538461538463,2384.2818857142856
1991-2020,Europe,Netherlands,16413985.272727273,Moderate climate (5 C-25 C),164.46153846153845,44456.44485714286
1991-2020,Oceania,New Zealand,4261272.7272727275,Moderate climate (5 C-25 C),83.52380952380952,31748.270857142856
1991-2020,North America,Nicaragua,5537271.2727272725,Hot climate (>25 C),9.375,4455.49
1991-2020,Africa,Niger,15758417.515151516,Hot climate (>25 C),4.625,1041.7754571428572
1991-2020,Africa,Nigeria,157572112.3939394,Hot climate (>25 C),78.375,3916.765142857143
1991-2020,Europe,Norway,4809929.757575758,Cold climate (<=5 C),107.37931034482759,56519.2
1991-2020,Asia,Oman,3082218.9393939395,Hot climate (>25 C),4.5,38807.78828571429
1991-2020,Asia,Pakistan,184045970.54545453,Moderate climate (5 C-25 C),16.7,4184.602857142857
1991-2020,Oceania,Palau,18143.18181818182,Hot climate (>25 C),4.666666666666667,13022.185384615384
1991-2020,North America,Panama,3459683.4545454546,Hot climate (>25 C),7.555555555555555,18886.098
1991-2020,Oceania,Papua New Guinea,7064783.515151516,Moderate climate (5 C-25 C),10.0,2729.730285714286
1991-2020,South America,Paraguay,5555838.060606061,Moderate climate (5 C-25 C),11.444444444444445,9665.632
1991-2020,South America,Peru,28367443.272727273,Moderate climate (5 C-25 C),19.692307692307693,9057.460857142858
1991-2020,Asia,Philippines,91001039.3030303,Hot climate (>25 C),16.142857142857142,5953.4554285714285
1991-2020,Europe,Poland,38094473.333333336,Moderate climate (5 C-25 C),137.70833333333334,21809.554285714286
1991-2020,Europe,Portugal,10329854.0,Moderate climate (5 C-25 C),51.94736842105263,26857.39742857143
1991-2020,North America,Puerto Rico,3603099.3333333335,Hot climate (>25 C),40.0,29206.435714285715
1991-2020,Asia,Qatar,1409748.8484848484,Hot climate (>25 C),21.25,105005.11142857143
1991-2020,Europe,Romania,20986408.424242426,Moderate climate (5 C-25 C),93.95652173913044,18932.460285714285
1991-2020,Africa,Rwanda,9868363.848484848,Moderate climate (5 C-25 C),5.875,1431.6044857142856
1991-2020,Oceania,Samoa,191100.18181818182,Hot climate (>25 C),7.0,4795.168571428571
1991-2020,Europe,San Marino,30049.484848484848,Moderate climate (5 C-25 C),5.142857142857143,66758.02
1991-2020,Asia,Saudi Arabia,22186025.727272727,Hot climate (>25 C),21.875,54058.548285714285
1991-2020,Africa,Senegal,12262958.818181818,Hot climate (>25 C),15.5,2678.5105714285714
1991-2020,Europe,Serbia,7300413.7272727275,Moderate climate (5 C-25 C),59.68181818181818,15464.603461538461
1991-2020,Africa,Seychelles,87167.63636363637,Hot climate (>25 C),10.125,21246.544857142857
1991-2020,Africa,Sierra Leone,5873959.424242424,Hot climate (>25 C),6.5,1247.4268285714286
1991-2020,Asia,Singapore,4633760.212121212,Hot climate (>25 C),31.375,71239.35885714286
1991-2020,Europe,Slovenia,2031568.121212121,Moderate climate (5 C-25 C),78.33333333333333,28536.81117647059
1991-2020,Oceania,Solomon Islands,534614.5757575758,Hot climate (>25 C),2.75,1923.6060000000002
1991-2020,Africa,Somalia,11472494.575757576,Hot climate (>25 C),2.2857142857142856,1686.4835714285714
1991-2020,Africa,South Africa,51505648.63636363,Moderate climate (5 C-25 C),76.38095238095238,11496.14542857143
1991-2020,Africa,South Sudan,8253064.333333333,Hot climate (>25 C),2.5,919.1416
1991-2020,Europe,Spain,43891108.84848485,Moderate climate (5 C-25 C),184.52380952380952,31273.013714285713
1991-2020,Asia,Sri Lanka,19993016.09090909,Hot climate (>25 C),12.375,7789.9271874999995
1991-2020,Africa,Sudan,34107725.39393939,Hot climate (>25 C),5.5,3533.3948571428573
1991-2020,South America,Suriname,524704.3333333334,Hot climate (>25 C),6.125,12821.210285714285
1991-2020,Europe,Sweden,9366630.333333334,Cold climate (<=5 C),173.0344827586207,41194.374571428576
1991-2020,Europe,Switzerland,7714279.757575758,Moderate climate (5 C-25 C),117.76666666666667,55872.492
1991-2020,Asia,Tajikistan,7509491.181818182,Cold climate (<=5 C),7.2727272727272725,2518.5155
1991-2020,Africa,Tanzania,43306595.93939394,Moderate climate (5 C-25 C),6.75,1974.2240285714286
1991-2020,Asia,Thailand,65982541.72727273,Hot climate (>25 C),40.81818181818182,12706.913714285714
1991-2020,Asia,Timor-Leste,1041333.7272727273,Moderate climate (5 C-25 C),2.0,2688.867307692308
1991-2020,Africa,Togo,6368136.303030303,Hot climate (>25 C),4.888888888888889,1711.7105714285715
1991-2020,Oceania,Tonga,104309.15151515152,Hot climate (>25 C),4.222222222222222,4530.172285714286
1991-2020,Africa,Tunisia,10480542.272727273,Moderate climate (5 C-25 C),54.0,8892.965428571428
1991-2020,Asia,Turkmenistan,5393439.03030303,Moderate climate (5 C-25 C),9.142857142857142,11081.049117647059
1991-2020,Africa,Uganda,30952552.303030305,Moderate climate (5 C-25 C),15.375,1987.047742857143
1991-2020,Europe,Ukraine,47509039.72727273,Moderate climate (5 C-25 C),214.15384615384616,8723.447058823529
1991-2020,Asia,United Arab Emirates,5849715.787878788,Hot climate (>25 C),12.75,85598.19542857143
1991-2020,Europe,United Kingdom,61961270.60606061,Moderate climate (5 C-25 C),255.9,36226.80285714286
1991-2020,North America,United States,298924963.93939394,Moderate climate (5 C-25 C),431.46666666666664,49084.108857142855
1991-2020,South America,Uruguay,3295594.1515151514,Moderate climate (5 C-25 C),18.46153846153846,16915.982571428573
1991-2020,Asia,Uzbekistan,27641001.333333332,Moderate climate (5 C-25 C),44.61538461538461,5323.414411764706
1991-2020,Oceania,Vanuatu,226299.33333333334,Moderate climate (5 C-25 C),4.0,2217.4122857142856
1991-2020,Africa,Zambia,13242091.393939395,Moderate climate (5 C-25 C),10.75,2711.710857142857
1991-2020,Africa,Zimbabwe,13064842.606060605,Moderate climate (5 C-25 C),15.4,2305.421428571429
